esther-channel-data,,
\___,DATA,
,\___,211101-00 ~ 211108-12
,211026-16 ~ 211028-16,
,211030-19 ~ 211031-23,
,211108-13 ~ 211227-23,
,211230-16 ~ 220108-06,
,220208-18 ~ 220220-19,
,220222-13 ~ 220317-03,
,my-data_test.json,
,final.py,
,final_2.py,
,collectall.py,
,all_new.py,
,test1011.py,
,googlechrome.dmg,
,Untitled.ipynb,
,untitled.py,
,untitled.txt,
,Untitled1.py,
,Untitled1.ipynb,
,untitled2.py,
,Untitled2.ipynb,
,untitled3.py,
,Untitled3.ipynb,
,untitled4.py,
,Untitled4.ipynb,
,untitled5.py,
,Untitled5.ipynb,
,Untitled6.ipynb,
,Untitled10.py,
,Untitled10.ipynb,
,Untitled16.ipynb,
,AweSun.dmg,
,AweSun (1).dmg,
,TeamViewer.dmg,
,chrome-remote-desktop_current_amd64.deb,
